created_at	full_text	screen_name	edited_text
Sun May 19 16:22:00 +0000 2019	"Massiel: ""Disfruto con aver√≠as, con la propia soledad, con tumbarme en una tumbona y ver que ha salido una flor de pitimin√≠ en mi terraza y que est√° cuajando un jazm√≠n. Yo digo, es que no se puede estar mejor""  https://t.co/4b38vTmbOx https://t.co/GXp3jiVZ2L"	el_pais	Massiel Disfruto aver√≠as propia soledad tumbarme tumbona ver salido flor pitimin√≠ terraza cuajando jazm√≠n digo puede mejor ''
Sun May 19 16:12:00 +0000 2019	"""Un hombre no aguanta a una alcoh√≥lica de la manera en que las mujeres aguantan a su pareja alcoholizada"". Entrevista con la escritora Mary Karr https://t.co/Y70f4QQhcr"	el_pais	hombre aguanta alcoh√≥lica manera mujeres aguantan pareja alcoholizada '' Entrevista escritora Mary Karr
Sun May 19 16:06:06 +0000 2019	RT @elpais_retina: Aldous Huxley tem√≠a un mundo anestesiado en el que no habr√≠a necesidad de censurar libros porque nadie estar√≠a interesad‚Ä¶	el_pais	elpais_retina Aldous Huxley tem√≠a mundo anestesiado necesidad censurar libros nadie interesad‚Ä¶
Sun May 19 16:02:00 +0000 2019	El l√≠der ideal en una empresa es alguien adaptable, √°gil y asertivo. ¬øQu√© aspirante al Trono de Hierro re√∫ne estas cualidades? Los expertos en gesti√≥n eligen al mejor jefe de #JuegoDeTronos https://t.co/Kk7FmgAGiz	el_pais	l√≠der ideal empresa alguien adaptable √°gil asertivo ¬øQu√© aspirante Trono Hierro re√∫ne cualidades expertos gesti√≥n eligen mejor jefe JuegoDeTronos
Sun May 19 15:52:00 +0000 2019	No es habitual que una mujer pida el voto desde una marquesina luciendo una enorme barriga embarazada. Es tan poco habitual que es la primera vez en la historia de la democracia espa√±ola y la segunda en el mundo https://t.co/hB0NLWtrQI	el_pais	habitual mujer pida voto marquesina luciendo enorme barriga embarazada habitual primera vez historia democracia espa√±ola segunda mundo
Sun May 19 15:51:47 +0000 2019	RT @elpais_cultura: 'Juego de tronos' llega a su final convertida en un fen√≥meno cultural sin precedentes que ha ayudado a hacer m√°s grande‚Ä¶	el_pais	elpais_cultura 'Juego tronos llega final convertida fen√≥meno cultural precedentes ayudado hacer grande‚Ä¶
Sun May 19 15:42:00 +0000 2019	"""Cada dos minutos muere una mujer en el mundo a causa del c√°ncer de cuello uterino. Me entristece ver que la ignorancia est√° privando a muchas de ellas de aprovechar esta oportunidad‚Äù. Entrevista con la creadora de la vacuna del virus del papiloma humano https://t.co/bDarOanH8W"	el_pais	Cada dos minutos muere mujer mundo causa c√°ncer cuello uterino entristece ver ignorancia privando muchas aprovechar oportunidad ‚Äù Entrevista creadora vacuna virus papiloma humano
Sun May 19 15:36:31 +0000 2019	RT @FotografiaPais: Fotos: Del parche de Madonna al delirio australiano: lo mejor y lo peor de los estilismos de #Eurovisi√≥n https://t.co/6‚Ä¶	el_pais	FotografiaPais Fotos parche Madonna delirio australiano mejor peor estilismos Eurovisi√≥n
Sun May 19 15:36:22 +0000 2019	RT @ELPAISGalicia: Dos encapuchados asaltan y amordazan a un matrimonio anciano en Bobor√°s https://t.co/MGK2zArCv4 v√≠a @el_pais	el_pais	ELPAISGalicia Dos encapuchados asaltan amordazan matrimonio anciano Bobor√°s el_pais
Sun May 19 15:32:00 +0000 2019	"""Lo de ponerse en la salida de la cocina para pillar a los camareros con la bandeja llena es un mito"". En @verne https://t.co/hUGsUa3QlU"	el_pais	ponerse salida cocina pillar camareros bandeja llena mito '' verne
Sun May 19 15:30:18 +0000 2019	RT @elpais_opinion: Jes√∫s Mota: Asistimos a una involuci√≥n del paisaje ciudadano hacia la indigencia. Regresamos a la imagen tercermundista‚Ä¶	el_pais	elpais_opinion Jes√∫s Mota Asistimos involuci√≥n paisaje ciudadano hacia indigencia Regresamos imagen tercermundista‚Ä¶
Sun May 19 15:30:16 +0000 2019	RT @verne: En las radios sonaban 'Born this Way' de Lady Gaga y 'On the Floor' de Jennifer Lopez y Pitbull. https://t.co/nPHGJIbxay	el_pais	verne radios sonaban 'Born Way Lady Gaga 'On Floor Jennifer Lopez Pitbull
Sun May 19 15:22:00 +0000 2019	El √©xito de una simple canci√≥n ha enervado a las autoridades iran√≠es. Las amenazas de represalias, sin embargo, solo han servido para que se multiplicasen los v√≠deos de adolescentes bailando https://t.co/taxuzoWTEl	el_pais	√©xito simple canci√≥n enervado autoridades iran√≠es amenazas represalias embargo solo servido multiplicasen v√≠deos adolescentes bailando
Sun May 19 15:12:00 +0000 2019	Guiones encriptados que desaparec√≠an en 24 horas, escenas falsas y hasta asesinos de drones. As√≠ han evitado los creadores de Juego de Tronos cualquier filtraci√≥n de lo que deparar√° el √∫ltimo cap√≠tulo de la serie https://t.co/VleJ2aCCq0	el_pais	Guiones encriptados desaparec√≠an 24 horas escenas falsas asesinos drones evitado creadores Juego Tronos cualquier filtraci√≥n deparar√° √∫ltimo cap√≠tulo serie
Sun May 19 15:08:28 +0000 2019	RT @smoda: Este es el hombre que resucita el estilo de las leyendas del rock en la gran pantalla https://t.co/zZcxLsaEQ3	el_pais	smoda hombre resucita estilo leyendas rock gran pantalla
Sun May 19 15:02:00 +0000 2019	En el v√≠deo se ve como Schwarzenegger, de 71 a√±os, habla con unos seguidores cuando un hombre le pega una tremenda patada voladora por la espalda https://t.co/RSGLdmYIig	el_pais	v√≠deo Schwarzenegger 71 a√±os habla seguidores hombre pega tremenda patada voladora espalda
Sun May 19 14:52:00 +0000 2019	El cortafuegos que cre√≥ ante el 'caso Noos' fue tan f√©rreo que provoc√≥ la ruptura con Elena y Cristina. Con don Juan Carlos es un secreto a voces que nunca ha habido sinton√≠a. Y con do√±a Sof√≠a tambi√©n ha tenido momentos de tensi√≥n, como el de Palma https://t.co/5rIHy8RQ3Q	el_pais	cortafuegos cre√≥ 'caso Noos f√©rreo provoc√≥ ruptura Elena Cristina Juan Carlos secreto voces nunca sinton√≠a do√±a Sof√≠a momentos tensi√≥n Palma
Sun May 19 14:42:00 +0000 2019	"""Cuando algunos me gritan en la calle '¬°Viva Espa√±a!' como si fuera un insulto, yo les respondo que claro, ¬°Viva! Yo, ¬øqu√© soy?, ¬ønoruego? La diferencia es que en mi idea de Espa√±a caben ellos pero en la suya no quepo"". @ierrejon en @el_pais_madrid https://t.co/j5059PnPkk"	el_pais	gritan calle '¬°Viva Espa√±a insulto respondo claro ¬°Viva ¬øqu√© ¬ønoruego diferencia idea Espa√±a caben quepo '' ierrejon el_pais_madrid
Sun May 19 14:32:00 +0000 2019	Quedan pocas horas para seguir elucubrando sobre el final de Juego de Tronos. Estas son las teor√≠as que m√°s est√°n circulando. ¬øCoincide alguna con tu apuesta? https://t.co/5xu1UWa0GZ ‚Ä¶	el_pais	Quedan pocas horas seguir elucubrando final Juego Tronos teor√≠as circulando ¬øCoincide alguna apuesta ‚Ä¶
Sun May 19 14:22:00 +0000 2019	En el gimnasio que hay delante de las sedes de Uber y Twitter en San Francisco, los usuarios pegan patadas y pu√±etazos al aire aislados en cabinas individuales y en semi oscuridad https://t.co/SeA5Uv8auT	el_pais	gimnasio delante sedes Uber Twitter San Francisco usuarios pegan patadas pu√±etazos aire aislados cabinas individuales semi oscuridad
Sun May 19 14:21:20 +0000 2019	RT @elpais_deportes: Directo: Nadal-Djokovic, final del Masters de Roma https://t.co/GOSmkbTdyD	el_pais	elpais_deportes Directo Nadal-Djokovic final Masters Roma
Sun May 19 14:21:15 +0000 2019	RT @pabloguimon: La carrera espacial de los millonarios gal√°cticos https://t.co/pJgknJJqnf v√≠a @materia_ciencia	el_pais	pabloguimon carrera espacial millonarios gal√°cticos materia_ciencia
Sun May 19 14:12:00 +0000 2019	"""Es posible que Ciudadanos haga el ‚Äòsorpasso‚Äô al PP en el Ayuntamiento de Madrid‚Äù. Entrevista con el n¬∫ 2 de Bego√±a Villac√≠s, Santiago Saura https://t.co/EDXasoKlg4"	el_pais	posible Ciudadanos haga ‚Äò sorpasso ‚Äô PP Ayuntamiento Madrid ‚Äù Entrevista n¬∫ 2 Bego√±a Villac√≠s Santiago Saura
Sun May 19 14:02:00 +0000 2019	"El doctor Escard√≥ se quita importancia: ‚Äú¬øQu√© puede tener de revolucionario pensar que las madres deben estar con sus hijos enfermos? Tard√© 32 a√±os en conseguirlo"". Pero lo cierto es que su m√©todo cambi√≥ el concepto de cuidados #Psicolog√≠a https://t.co/KuTpMM2vnS"	el_pais	doctor Escard√≥ quita importancia ‚Äú ¬øQu√© puede tener revolucionario pensar madres deben hijos enfermos Tard√© 32 a√±os conseguirlo '' cierto m√©todo cambi√≥ concepto cuidados Psicolog√≠a
Sun May 19 14:01:47 +0000 2019	RT @FotografiaPais: Fotos: El alga que oscurece la vida en el Caribe mexicano https://t.co/71N3wSaXAw Fotos de Gladys Serrano https://t.co/‚Ä¶	el_pais	FotografiaPais Fotos alga oscurece vida Caribe mexicano Fotos Gladys Serrano
Sun May 19 14:01:27 +0000 2019	RT @Planeta_Futuro: En las zonas de guerra y conflicto armado no suele haber pediatras o psic√≥logos infantiles a mano. Sin embargo, unos 42‚Ä¶	el_pais	Planeta_Futuro zonas guerra conflicto armado suele haber pediatras psic√≥logos infantiles mano embargo 42‚Ä¶
Sun May 19 13:53:56 +0000 2019	"RT @verne: Una obra de arte por cada pa√≠s de Europa.
#hemeroteca https://t.co/6vf6B2qhZT"	el_pais	verne obra arte cada pa√≠s Europa hemeroteca
Sun May 19 13:52:00 +0000 2019	La escalada de tensi√≥n entre EE UU e Ir√°n contin√∫a https://t.co/27bCvRrqZe	el_pais	escalada tensi√≥n EE UU Ir√°n contin√∫a
Sun May 19 13:42:43 +0000 2019	√öLTIMA HORA | Al menos 12 heridos en Egipto en un atentado contra un autob√∫s de turistas https://t.co/zanooVnONs	el_pais	√öLTIMA HORA menos 12 heridos Egipto atentado autob√∫s turistas
Sun May 19 13:42:00 +0000 2019	"Despu√©s de mucho alcohol, Burroughs expres√≥ su deseo de cazar animales salvajes. ""Eres demasiado vacilante como para disparar a alguien"", le dijo su mujer. ""Te voy a probar lo contrario, es hora de hacer nuestro acto de Guillermo Tell"", respondi√≥ √©l https://t.co/KrUXz1YyIs"	el_pais	Despu√©s alcohol Burroughs expres√≥ deseo cazar animales salvajes demasiado vacilante disparar alguien '' dijo mujer voy probar contrario hora hacer acto Guillermo Tell '' respondi√≥
Sun May 19 13:41:35 +0000 2019	√öLTIMA HORA| Al menos 12 heridos en un atentado en Egipto contra un autob√∫s de turistas https://t.co/zrM2EKGO4l	el_pais	√öLTIMA HORA| menos 12 heridos atentado Egipto autob√∫s turistas
Sun May 19 13:35:51 +0000 2019	RT @and_rizzi: Sigan estos d√≠as a @msanchezvallejo, enviada especial de @elpais_inter a la India, si les interesan las elecciones en ese pa‚Ä¶	el_pais	and_rizzi Sigan d√≠as msanchezvallejo enviada especial elpais_inter India interesan elecciones pa‚Ä¶
Sun May 19 13:34:41 +0000 2019	RT @amanda_mars: A las 4.30am empieza el traj√≠n. De madrugada, escondidas tras paraguas, entre gritos e insultos, as√≠ abortan las mujeres e‚Ä¶	el_pais	amanda_mars 4.30am empieza traj√≠n madrugada escondidas paraguas gritos insultos abortan mujeres e‚Ä¶
Sun May 19 13:32:00 +0000 2019	El pr√≠ncipe Enrique haciendo autostop y otras fotos desconocidas hasta ahora De la boda de los duques de Sussex https://t.co/Q04B8MpZCI	el_pais	pr√≠ncipe Enrique haciendo autostop fotos desconocidas ahora boda duques Sussex
Sun May 19 13:27:05 +0000 2019	RT @vernemexico: ¬øC√≥mo te refieres al fruto rojo que se usa en la cocina mexicana para hacer salsas? https://t.co/3Sbdq36rLW	el_pais	vernemexico ¬øC√≥mo refieres fruto rojo usa cocina mexicana hacer salsas
Sun May 19 13:22:00 +0000 2019	El mensaje oculto en los escenarios de #Eurovisi√≥n https://t.co/VCFPkoD1xg https://t.co/qTSgZsaZFx	el_pais	mensaje oculto escenarios Eurovisi√≥n
Sun May 19 13:16:45 +0000 2019	RT @elpais_cultura: Anal√≠a Gad√© form√≥ con Fernando Fern√°n G√≥mez una de las parejas con m√°s qu√≠mica del cine espa√±ol, en pel√≠culas como 'Via‚Ä¶	el_pais	elpais_cultura Anal√≠a Gad√© form√≥ Fernando Fern√°n G√≥mez parejas qu√≠mica cine espa√±ol pel√≠culas 'Via‚Ä¶
Sun May 19 13:12:00 +0000 2019	Su canci√≥n incluye un verso en √°rabe que dice algo as√≠ como ‚Äúhijo m√≠o, mi amor, ven aqu√≠‚Äù, que son las palabras que le sol√≠a decir su padre, a quien no ha vuelto a ver desde que le abandon√≥ con cinco a√±os https://t.co/RPISMD1gdb	el_pais	canci√≥n incluye verso √°rabe dice ‚Äú hijo amor ven aqu√≠ ‚Äù palabras sol√≠a decir padre vuelto ver abandon√≥ cinco a√±os
Sun May 19 13:09:07 +0000 2019	RT @smoda: La firma de cosm√©tica natural y eco consciente ha anunciado que cerrar√° todos sus perfiles en Reino Unido. ¬øSer√° este otro de su‚Ä¶	el_pais	smoda firma cosm√©tica natural eco consciente anunciado cerrar√° perfiles Reino Unido ¬øSer√° su‚Ä¶
Sun May 19 13:08:58 +0000 2019	RT @elpais_deportes: Marc M√°rquez gana en Le Mans y aumenta su ventaja en la clasificaci√≥n general. https://t.co/ZMEpvYfm7X	el_pais	elpais_deportes Marc M√°rquez gana Mans aumenta ventaja clasificaci√≥n general
Sun May 19 13:02:00 +0000 2019	Miguel Bos√© y sus hijos iban vestidos igual: traje de falda larga en riguroso negro y gafas de sol https://t.co/mioy1wfCkt	el_pais	Miguel Bos√© hijos iban vestidos igual traje falda larga riguroso negro gafas sol
Sun May 19 13:01:55 +0000 2019	RT @materia_ciencia: Hace 4.200 a√±os, una nube de gases y cenizas de 32 kil√≥metros de altura se esparci√≥ por una superficie de 500.000 km2,‚Ä¶	el_pais	materia_ciencia Hace 4.200 a√±os nube gases cenizas 32 kil√≥metros altura esparci√≥ superficie 500.000 km2 ‚Ä¶
Sun May 19 12:57:52 +0000 2019	RT @FotografiaPais: Fotos: Las fotos nunca vistas de la boda de los duques de Sussex. El pr√≠ncipe Enrique y Meghan Markle difunden im√°genes‚Ä¶	el_pais	FotografiaPais Fotos fotos nunca vistas boda duques Sussex pr√≠ncipe Enrique Meghan Markle difunden im√°genes‚Ä¶
Sun May 19 12:56:46 +0000 2019	"RT @verne: Yo me enamor√© de ti
por culpa de los carnavales
desde entonces no s√© si vivir
o morirme a raudales. https://t.co/eS4ls6f2zf"	el_pais	verne enamor√© culpa carnavales entonces s√© vivir morirme raudales
Sun May 19 12:52:00 +0000 2019	El PP dirige desde hace 19 a√±os Melilla, un feudo roto socialmente con un sistema clientelar que para la oposici√≥n es pura mafia #26M https://t.co/lNNK0jnzNX	el_pais	PP dirige hace 19 a√±os Melilla feudo roto socialmente sistema clientelar oposici√≥n pura mafia 26M
Sun May 19 12:42:00 +0000 2019	Al ver al oso perezoso en peligro, el hombre par√≥ el tr√°fico, le agarr√≥ por la espalda y le dej√≥ en el tronco de un √°rbol. La sonrisa de agradecimiento del animal se ha hecho viral https://t.co/Dx4kUqaiVT	el_pais	ver oso perezoso peligro hombre par√≥ tr√°fico agarr√≥ espalda dej√≥ tronco √°rbol sonrisa agradecimiento animal hecho viral
Sun May 19 12:37:58 +0000 2019	"""Los espa√±oles no se merecen a la tercera autoridad del pa√≠s defendiendo un refer√©ndum en Catalu√±a"", ha dicho Rivera para justificar a su candidata a presidir el Congreso https://t.co/RzpjqLCNcj"	el_pais	espa√±oles merecen tercera autoridad pa√≠s defendiendo refer√©ndum Catalu√±a '' dicho Rivera justificar candidata presidir Congreso
Sun May 19 12:32:00 +0000 2019	El primero que dijo aquello de ‚Äúqueredme menos y votadme m√°s‚Äù fue Su√°rez. Luego, Anguita la recuper√≥ y ayer el presidente andaluz, Juan Manuel Moreno, volvi√≥ a sacarla a la palestra. El #DiarioDeCampa√±a de @nataliajunquera https://t.co/DWvgj4KDKd	el_pais	primero dijo aquello ‚Äú queredme menos votadme ‚Äù Su√°rez Luego Anguita recuper√≥ ayer presidente andaluz Juan Manuel Moreno volvi√≥ sacarla palestra DiarioDeCampa√±a nataliajunquera
Sun May 19 12:31:03 +0000 2019	RT @BuenaVidaEP: Solo el 4% de los espa√±oles come los 25 gramos diarios recomendados, ¬ødeber√≠a el resto recurrir los productos enriquecidos‚Ä¶	el_pais	BuenaVidaEP Solo 4 espa√±oles come 25 gramos diarios recomendados ¬ødeber√≠a resto recurrir productos enriquecidos‚Ä¶
Sun May 19 12:31:00 +0000 2019	RT @elpais_opinion: #Editorial Existe un riesgo de politizaci√≥n de la econom√≠a de Catalu√±a tras las elecciones a la C√°mara de Comercio http‚Ä¶	el_pais	elpais_opinion Editorial Existe riesgo politizaci√≥n econom√≠a Catalu√±a elecciones C√°mara Comercio http‚Ä¶
Sun May 19 16:25:01 +0000 2019	La censura de Maduro se recrudece contra los medios y los periodistas https://t.co/QFCz6r00P8	abc_es	censura Maduro recrudece medios periodistas
Sun May 19 16:20:00 +0000 2019	Y Madrid vio torear (a Pablo Aguado) https://t.co/fi6BWCCtP3	abc_es	Madrid vio torear Pablo Aguado
Sun May 19 16:15:00 +0000 2019	Detenidos unos padres que ofertaban a su beb√© de 18 meses para fines sexuales en Ecuador https://t.co/tixIWLluuR	abc_es	Detenidos padres ofertaban beb√© 18 meses fines sexuales Ecuador
Sun May 19 16:10:00 +0000 2019	"Baleares elige el medio ambiente antes que el turismo https://t.co/AqLoM3HT5m Por 

@ecalvo_"	abc_es	Baleares elige medio ambiente turismo ecalvo_
Sun May 19 16:05:00 +0000 2019	Los nutricionistas denuncian que la ¬´dieta del caj√≥n¬ª de los centros de salud ¬´no tiene ninguna utilidad¬ª https://t.co/AhfPDSqPNR	abc_es	nutricionistas denuncian ¬´ dieta caj√≥n ¬ª centros salud ¬´ ninguna utilidad ¬ª
Sun May 19 16:00:01 +0000 2019	Rom√°n Escolano: ¬´Cuando los tipos suban seremos conscientes del problema de la deuda¬ª https://t.co/AD4Kg5HIKE	abc_es	Rom√°n Escolano ¬´ tipos suban conscientes problema deuda ¬ª
Sun May 19 15:55:45 +0000 2019	Los locos caprichos de Marilyn Monroe, una pesadilla con escote en ¬´Con faldas y a lo loco¬ª https://t.co/jnKqxrhcj0 Por @luciacab	abc_es	locos caprichos Marilyn Monroe pesadilla escote ¬´ faldas loco ¬ª luciacab
Sun May 19 15:55:00 +0000 2019	Los Mossos detienen a tres j√≥venes que planificaban un asesinato en Barcelona https://t.co/ZbBqT0dFmm	abc_es	Mossos detienen tres j√≥venes planificaban asesinato Barcelona
Sun May 19 15:50:00 +0000 2019	S√©rgio Concei√ßao, entrenador del Oporto, a golpes por defender a su hijo https://t.co/47FPQCkLQc	abc_es	S√©rgio Concei√ßao entrenador Oporto golpes defender hijo
Sun May 19 15:45:00 +0000 2019	Destapan en Burgos una trama de administraci√≥n irregular de medicamentos en animales https://t.co/SGxhPoyeif	abc_es	Destapan Burgos trama administraci√≥n irregular medicamentos animales
Sun May 19 15:40:00 +0000 2019	Una espa√±olizada Deliveroo deja en el aire la salida a Bolsa https://t.co/IVJruracYL	abc_es	espa√±olizada Deliveroo deja aire salida Bolsa
Sun May 19 15:35:00 +0000 2019	Casado compara a Junqueras y otros independentistas presos con Tejero y Armada: ¬´No lo vamos a consentir¬ª https://t.co/r6rI70mT58	abc_es	Casado compara Junqueras independentistas presos Tejero Armada ¬´ vamos consentir ¬ª
Sun May 19 15:33:43 +0000 2019	üîµ #DIRECTO Real Madrid-Fenerbah√ße en directo https://t.co/v3vkYco5Wa	abc_es	üîµ DIRECTO Real Madrid-Fenerbah√ße directo
Sun May 19 15:32:43 +0000 2019	RT @abc_deportes: üîµNadal arrasa a Djokovic en el primer set (6-0). Sigue la final del Masters 1.000 de Roma en directo https://t.co/ehJ7xF0‚Ä¶	abc_es	abc_deportes üîµNadal arrasa Djokovic primer set 6-0 Sigue final Masters 1.000 Roma directo
Sun May 19 15:30:00 +0000 2019	Lady Gabriella y Thomas Kingston, la boda m√°s discreta de Windsor https://t.co/MgngmIvPk2	abc_es	Lady Gabriella Thomas Kingston boda discreta Windsor
Sun May 19 15:25:01 +0000 2019	Josep Borrell, en Valencia: ¬´No hay nada m√°s innoble que explotar el miedo de la gente frente al inmigrante¬ª https://t.co/uoAZ1U3ywI	abc_es	Josep Borrell Valencia ¬´ innoble explotar miedo gente frente inmigrante ¬ª
Sun May 19 15:20:00 +0000 2019	¬´El √∫nico voto para sacar a Xulio Ferreiro es el del PP¬ª https://t.co/tx4m96aWSV	abc_es	¬´ √∫nico voto sacar Xulio Ferreiro PP ¬ª
Sun May 19 15:12:01 +0000 2019	üî¥ #URGENTE √öltimo parte m√©dico de Mar√≠a Jim√©nez: en estado grave en la UCI de un hospital de C√°diz https://t.co/e6r3uWpdIl	abc_es	üî¥ URGENTE √öltimo parte m√©dico Mar√≠a Jim√©nez grave UCI hospital C√°diz
Sun May 19 15:10:00 +0000 2019	‚ñ∂ V√≠deo: As√≠ echa humo el volc√°n del Teide en Canarias https://t.co/gSRPxnUID8	abc_es	‚ñ∂ V√≠deo echa humo volc√°n Teide Canarias
Sun May 19 14:51:45 +0000 2019	RT @abc_deportes: El Betis confirma la salida de Quique Seti√©n tras dos temporadas https://t.co/AORVH7BKtz	abc_es	abc_deportes Betis confirma salida Quique Seti√©n dos temporadas
Sun May 19 14:50:00 +0000 2019	La imagen de la Princesa Grace sigue siendo rentable en M√≥naco https://t.co/Trm4Z6QxJ4	abc_es	imagen Princesa Grace sigue siendo rentable M√≥naco
Sun May 19 14:40:01 +0000 2019	As√≠ ser√° la primera tienda de Uniqlo en Madrid https://t.co/n8KtsRtz1j	abc_es	primera tienda Uniqlo Madrid
Sun May 19 14:30:00 +0000 2019	Unos 2.000 civiles juran este domingo en Sevilla defender Espa√±a https://t.co/FhtEuQmoNv	abc_es	2.000 civiles juran domingo Sevilla defender Espa√±a
Sun May 19 14:21:39 +0000 2019	Miki agradece a los fans el apoyo recibido https://t.co/yzTmZejnUM #LaVenda #Eurovisi√≥n #Eurovisi√≥nRTVE https://t.co/ihF1thCFPn	abc_es	Miki agradece fans apoyo recibido LaVenda Eurovisi√≥n Eurovisi√≥nRTVE
Sun May 19 14:20:01 +0000 2019	El ins√≥lito pleito que sienta ante el juez a tres obispos por 8 millones de euros en obras de arte https://t.co/sTeBVn1hQf	abc_es	ins√≥lito pleito sienta juez tres obispos 8 millones euros obras arte
Sun May 19 14:15:15 +0000 2019	üîµ #DIRECTO Djokovic - Nadal en directo https://t.co/NVIeqKpMzW	abc_es	üîµ DIRECTO Djokovic Nadal directo
Sun May 19 14:13:42 +0000 2019	üîµ #DIRECTO Eibar - Barcelona en directo https://t.co/VHYhEfgDDB	abc_es	üîµ DIRECTO Eibar Barcelona directo
Sun May 19 14:10:00 +0000 2019	La centenaria Casa de la Carnicer√≠a de la Plaza Mayor resucita como hotel de lujo https://t.co/EIDtz1rPtP	abc_es	centenaria Casa Carnicer√≠a Plaza Mayor resucita hotel lujo
Sun May 19 14:00:46 +0000 2019	As√≠ anticip√≥ ABC el desastre de Espa√±a en Eurovisi√≥n https://t.co/i8iPbRIlIu Por @jdguardiola #LaVenda #Eurovisi√≥n #Eurovisi√≥nRTVE	abc_es	anticip√≥ ABC desastre Espa√±a Eurovisi√≥n jdguardiola LaVenda Eurovisi√≥n Eurovisi√≥nRTVE
Sun May 19 14:00:00 +0000 2019	El tabaco inicia el camino para poner en jaque al contrabando https://t.co/NdQmLgZbja	abc_es	tabaco inicia camino poner jaque contrabando
Sun May 19 13:59:22 +0000 2019	RT @abc_deportes: Los M√°rquez conquistan Le Mans https://t.co/Bj4SYk4IoW	abc_es	abc_deportes M√°rquez conquistan Mans
Sun May 19 13:55:01 +0000 2019	Keylor se despide de rodillas ante el calor del p√∫blico https://t.co/RMpR2xWsL5	abc_es	Keylor despide rodillas calor p√∫blico
Sun May 19 13:50:00 +0000 2019	La pol√©mica persigue la boda de Antonella y Messi dos a√±os despu√©s https://t.co/5T4Bi3zMIQ	abc_es	pol√©mica persigue boda Antonella Messi dos a√±os despu√©s
Sun May 19 13:45:00 +0000 2019	‚ñ∂ LaLiga (J38): resumen y goles del Real Madrid 0-2 Betis https://t.co/ghhNkdG8Ra #LosgolesdeLaLigaenABC	abc_es	‚ñ∂ LaLiga J38 resumen goles Real Madrid 0-2 Betis LosgolesdeLaLigaenABC
Sun May 19 13:40:00 +0000 2019	La decepci√≥n de Alonso tras caer a la respesca https://t.co/TymKK52YoS	abc_es	decepci√≥n Alonso caer respesca
Sun May 19 13:35:01 +0000 2019	¬´The New York Times¬ª denuncia √≥rdenes de matar del ej√©rcito colombiano que arriesgar√≠an vidas civiles https://t.co/nFLoPQdTeM	abc_es	¬´ New York Times ¬ª denuncia √≥rdenes matar ej√©rcito colombiano arriesgar√≠an vidas civiles
Sun May 19 13:34:17 +0000 2019	üî¥ #AMPLIACI√ìN El √∫ltimo rid√≠culo https://t.co/BGTeuGdizA	abc_es	üî¥ AMPLIACI√ìN √∫ltimo rid√≠culo
Sun May 19 13:30:00 +0000 2019	La humanidad, ante una grave crisis de innovaci√≥n de antibi√≥ticos https://t.co/ex5VY2Goy5	abc_es	humanidad grave crisis innovaci√≥n antibi√≥ticos
Sun May 19 13:27:16 +0000 2019	üî¥ #√öLTIMAHORA Al menos 12 heridos tras una explosi√≥n contra un autob√∫s tur√≠stico en Egipto https://t.co/Jn7VoUIk27	abc_es	üî¥ √öLTIMAHORA menos 12 heridos explosi√≥n autob√∫s tur√≠stico Egipto
Sun May 19 13:20:00 +0000 2019	Huevos a Marta  https://t.co/4eAzoyHQjs El @abc_astrolabio por @bieitorubido	abc_es	Huevos Marta abc_astrolabio bieitorubido
Sun May 19 13:10:00 +0000 2019	‚ñ∂#V√çDEO En el 2016, el PSOE se posicionaba con el ¬´no es no¬ª en contra de Rajoy. Tres a√±os despu√©s, √Åbalos, pide a Ciudadanos su abstenci√≥n ¬´por Espa√±a¬ª. Los cambios de ruta del PSOE, en v√≠deo  https://t.co/3PuPaZvVIz	abc_es	‚ñ∂ V√çDEO 2016 PSOE posicionaba ¬´ ¬ª Rajoy Tres a√±os despu√©s √Åbalos pide Ciudadanos abstenci√≥n ¬´ Espa√±a ¬ª cambios ruta PSOE v√≠deo
Sun May 19 13:00:00 +0000 2019	El comunicado del fin de ETA permiti√≥ ubicar a Ternera en Francia hace un a√±o https://t.co/Zxl5nzos8B	abc_es	comunicado fin ETA permiti√≥ ubicar Ternera Francia hace a√±o
Sun May 19 12:50:00 +0000 2019	Tyrion Lannister, el doloroso declive de un conspirador nato https://t.co/OHyiP0nq9j Por @luciacab #GamefThrones	abc_es	Tyrion Lannister doloroso declive conspirador nato luciacab GamefThrones
Sun May 19 12:40:00 +0000 2019	C√≥mo cambiar√° el reparto urbano de ¬´√∫ltimo kil√≥metro¬ª en los pr√≥ximos dos a√±os https://t.co/Rmp9M1b3RH	abc_es	C√≥mo cambiar√° reparto urbano ¬´ √∫ltimo kil√≥metro ¬ª pr√≥ximos dos a√±os
Sun May 19 12:35:01 +0000 2019	Los vecinos atrapan a un encapuchado que asalt√≥ y amordaz√≥ a dos ancianos en su casa https://t.co/Y6K57D7lAD	abc_es	vecinos atrapan encapuchado asalt√≥ amordaz√≥ dos ancianos casa
Sun May 19 12:30:00 +0000 2019	üçΩ D√≥nde comer buenas croquetas en Espa√±a https://t.co/l0RdYfLuCX	abc_es	üçΩ D√≥nde comer buenas croquetas Espa√±a
Sun May 19 12:25:00 +0000 2019	‚ñ∂ Agreden a Arnold Schwarzenegger con una patada por la espalda durante un acto en Sud√°frica https://t.co/oRdgiOqSGQ	abc_es	‚ñ∂ Agreden Arnold Schwarzenegger patada espalda acto Sud√°frica
Sun May 19 12:20:00 +0000 2019	El ¬´Gran Hermano¬ª chino lo ve todo con c√°maras que reconocen caras en segundos https://t.co/D37dCvVir5 Por @PabloDiez_ABC	abc_es	¬´ Gran Hermano ¬ª chino c√°maras reconocen caras segundos PabloDiez_ABC
Sun May 19 12:16:29 +0000 2019	Miki, tras su actuaci√≥n en Eurovisi√≥n: ¬´Ya sabemos lo que pasa siempre con Espa√±a¬ª https://t.co/ZRjwsyEBHd Por @mnievesmn #LaVenda #Eurovisi√≥n #Eurovisi√≥nRTVE	abc_es	Miki actuaci√≥n Eurovisi√≥n ¬´ sabemos pasa siempre Espa√±a ¬ª mnievesmn LaVenda Eurovisi√≥n Eurovisi√≥nRTVE
Sun May 19 12:15:00 +0000 2019	Casado lamenta que S√°nchez ¬´ya tenga el pacto hecho¬ª con Podemos y Esquerra https://t.co/hBkNV7shC7	abc_es	Casado lamenta S√°nchez ¬´ pacto hecho ¬ª Podemos Esquerra
